"","factor","AME","SE","z","p","lower","upper"
"1","expect_3_monthsfewer_buyers",0.0560882971562233,0.0416677075203179,1.34608550587703,0.1782749424467,-0.0255789089019485,0.137755503214395
"2","expect_3_monthsmore_buyers",0.34868885278532,0.046993468113446,7.41994295767993,1.17170786759491e-13,0.256583347774334,0.440794357796305
